question_id,front,back,topic,tags
BNDES-2024-P2-Q036,"BNDES 2024 Prova 2 Q36: As divisões categóricas dos códigos maliciosos, também conhecidos como malware, servem para homogeneizar os tipos de tratamento e resposta a essas ameaças. Para implementar um spyware em uma máquina-alvo, o tipo de malware mais indicado para ser usado na infecção é um(a) (A) trojan, pois o usuário do sistema terá interesse em usá-lo e é silencioso. (B) vírus, pois são notórios pela capacidade de se replicar autonomamente em diversos computadores de uma rede. (C) worm, pois é capaz de se replicar em diversas áreas da memória (seja principal ou secundária) de um úni- co dispositivo-alvo. (D) spear phishing, pois usa diversos computadores con- trolados para infectar um alvo específico. (E) botnet, pois engana o usuário e o leva a fornecer as suas credenciais a um programa conhecido como botmaster.","Resposta correta: A. Explicação direta: A alternativa A está correta porque é a única que se alinha ao enunciado e ao conceito central de Segurança de Endpoint e Malware. Em termos práticos, o ponto decisivo é: trojan, pois o usuário do sistema terá interesse em usá-lo e é silencioso. Explicação aprofundada: Raciocínio aprofundado: esta questão exige domínio de comportamento de malware, vetores de infecção e controles preventivos/corretivos. A opção A é a melhor resposta por manter coerência técnica e semântica com o problema apresentado. As demais alternativas funcionam como distratores típicos de prova (generalização indevida, troca de conceito ou inversão de causa e efeito). Para consolidar o aprendizado, revise o tema com foco em definição formal, cenário de aplicação e limites do conceito cobrado. Análise das incorretas: B: incorreta por nao atender ao criterio central do enunciado. C: incorreta por nao atender ao criterio central do enunciado. D: incorreta por nao atender ao criterio central do enunciado. E: incorreta por nao atender ao criterio central do enunciado. Referências confiáveis: CIS Controls v8; NIST SP 800-83; Microsoft Security Baselines.",Segurança de Endpoint e Malware,concurso::bndes2024 ciber::tecnico q::36 explained::enhanced
BNDES-2024-P2-Q037,"BNDES 2024 Prova 2 Q37: O tipo de incidente de segurança mais reportado anual- mente ao CERT.br é conhecido como SCAN e engloba as notificações de varreduras em redes de computadores (scans). O fato de este ser o tipo de incidente mais reportado não é incomum, pois a varredura é usualmente a (A) segunda etapa de um ataque que interage com os sis- temas-alvo, utilizando-se de ferramentas para testar diversas senhas. (B) única etapa de um ataque sem interação com os sis- temas-alvo, sendo utilizada em praticamente todos os tipos de ataque. (C) última etapa de um ataque, buscando percorrer os sistemas afetados e garantir que eles não contenham registros do ataque. (D) primeira etapa de um ataque, utilizando-se de técni- cas de engenharia social. (E) primeira etapa em que ocorre interação com os siste- mas-alvo, sendo utilizada em praticamente todos os tipos de ataque.","Resposta correta: E. Explicação direta: A alternativa E está correta porque é a única que se alinha ao enunciado e ao conceito central de SOC, SIEM e Resposta a Incidentes. Em termos práticos, o ponto decisivo é: primeira etapa em que ocorre interação com os siste- mas-alvo, sendo utilizada em praticamente todos os tipos de ataque. Explicação aprofundada: Raciocínio aprofundado: esta questão exige domínio de detecção, triagem, resposta e automação operacional em segurança. A opção E é a melhor resposta por manter coerência técnica e semântica com o problema apresentado. As demais alternativas funcionam como distratores típicos de prova (generalização indevida, troca de conceito ou inversão de causa e efeito). Para consolidar o aprendizado, revise o tema com foco em definição formal, cenário de aplicação e limites do conceito cobrado. Análise das incorretas: A: incorreta por nao atender ao criterio central do enunciado. B: incorreta por nao atender ao criterio central do enunciado. C: incorreta por nao atender ao criterio central do enunciado. D: incorreta por nao atender ao criterio central do enunciado. Referências confiáveis: NIST SP 800-61r2; MITRE ATT&CK; CISA Incident Response Guides.","SOC, SIEM e Resposta a Incidentes",concurso::bndes2024 ciber::tecnico q::37 explained::enhanced
BNDES-2024-P2-Q038,"BNDES 2024 Prova 2 Q38: Durante muitos séculos, a criptografia era utilizada ape- nas para proteger a confidencialidade das mensagens. Entretanto, ao final do século XX uma nova forma de crip- tografia foi criada. Esta, em conjunto com outras técnicas, permite proteger a integridade, a confidencialidade e a au- tenticidade das informações que são transmitidas. Consi- dere a transmissão de uma mensagem (M) de R para J. Uma solução de segurança que protege a integridade, a confidencialidade e a autenticidade das informações, du- rante essa transmissão, é a solução realizada com os se- guintes procedimentos de R: (A) cifrar M com chave simétrica k, gerando a cifra C; transmitir k e C para J; e depois transmitir M em claro para ser conferido por J. (B) cifrar M com a chave secreta (Sr ) de R, gerando a cifra C1 ; cifrar C1 com a chave secreta de J (Sj ), gerando a cifra C2 ; e transmitir C2 para J. (C) cifrar M com a chave pública de R (Pr ), gerando a cifra C1 ; cifrar C1 com a chave secreta de R (Sr ), gerando a cifra C2 ; transmitir C2 e M em claro para ser conferido por J. (D) cifrar M com a chave secreta de R (Sr ), gerando a cifra C1 ; cifrar C1 com a chave pública de J (Pj ), gerando a cifra C2 ; transmitir C2 e um hash H(M) para ser confe- rido por J. (E) cifrar M com a chave simétrica k, gerando a cifra C; transmitir C e um hash H(M) para ser conferido por J.","Resposta correta: D. Explicação direta: A alternativa D está correta porque é a única que se alinha ao enunciado e ao conceito central de Criptografia e Hash. Em termos práticos, o ponto decisivo é: cifrar M com a chave secreta de R (Sr ), gerando a cifra C1 ; cifrar C1 com a chave pública de J (Pj ), gerando a cifra C2 ; transmitir C2 e um hash H(M) para ser confe- rido por J. Explicação aprofundada: Raciocínio aprofundado: esta questão exige domínio de confidencialidade, integridade, autenticidade, gestão de chaves e propriedades de protocolos criptográficos. A opção D é a melhor resposta por manter coerência técnica e semântica com o problema apresentado. As demais alternativas funcionam como distratores típicos de prova (generalização indevida, troca de conceito ou inversão de causa e efeito). Para consolidar o aprendizado, revise o tema com foco em definição formal, cenário de aplicação e limites do conceito cobrado. Análise das incorretas: A: incorreta por nao atender ao criterio central do enunciado. B: incorreta por nao atender ao criterio central do enunciado. C: incorreta por nao atender ao criterio central do enunciado. E: incorreta por nao atender ao criterio central do enunciado. Referências confiáveis: NIST SP 800-57; NIST SP 800-52r2 (TLS); RFC 8446 (TLS 1.3).",Criptografia e Hash,concurso::bndes2024 ciber::tecnico q::38 explained::enhanced
BNDES-2024-P2-Q039,BNDES 2024 Prova 2 Q39: Um dos principais desafios dos sistemas informatizados permanentemente conectados é se manter seguro frente às novas ameaças que surgem continuamente. Um recur- so importante nesse contexto é o National Vulnerabilities Database (NVD). A NVD é uma base de dados que pode ser usada para (A) conhecer os novos ataques zero-day que serão ainda empregados. (B) criar uma tabela de tipos de malware conhecidos. (C) elencar uma lista das principais atualizações a serem aplicadas para se proteger de vulnerabilidades desco- nhecidas. (D) gerar um relatório de estruturas vulneráveis a ataques físicos. (E) listar um conjunto de vulnerabilidades já descobertas para serem consertadas.,"Resposta correta: E. Explicação direta: A alternativa E está correta porque é a única que se alinha ao enunciado e ao conceito central de Cibersegurança - geral. Em termos práticos, o ponto decisivo é: listar um conjunto de vulnerabilidades já descobertas para serem consertadas. Explicação aprofundada: Raciocínio aprofundado: esta questão exige domínio de fundamentos de segurança da informação e uso correto de recursos técnicos de proteção. A opção E é a melhor resposta por manter coerência técnica e semântica com o problema apresentado. As demais alternativas funcionam como distratores típicos de prova (generalização indevida, troca de conceito ou inversão de causa e efeito). Para consolidar o aprendizado, revise o tema com foco em definição formal, cenário de aplicação e limites do conceito cobrado. Análise das incorretas: A: incorreta por nao atender ao criterio central do enunciado. B: incorreta por nao atender ao criterio central do enunciado. C: incorreta por nao atender ao criterio central do enunciado. D: incorreta por nao atender ao criterio central do enunciado. Referências confiáveis: NIST CSF 2.0; OWASP; CIS Controls v8.",Cibersegurança - geral,concurso::bndes2024 ciber::tecnico q::39 explained::enhanced
BNDES-2024-P2-Q040,"BNDES 2024 Prova 2 Q40: O NIST cybersecurity framework (NCF) é um documento que provê organizações com instruções para melhorar o gerenciamento de riscos de segurança cibernética. Uma das sugestões é a representação da maturidade do geren- ciamento e da governança de ameaças cibernéticas atra- vés de níveis (tiers). Considere que duas organizações, W e Y, utilizam-se do NCF como referência e indicam que estão, respectivamente, nos tiers 3 e 4. As organizações W e Y estão em níveis diferentes de maturidade e, por isso, têm características específicas em alguns aspectos. Quais são essas características específicas? (A) Y implementa o gerenciamento de risco cibernético de maneira irregular e por iniciativas pontuais de colabo- radores. (B) W gerencia os riscos cibernéticos em um nível organi- zacional, mas ainda sem a percepção de que esse ge- renciamento é parte da cultura organizacional, como ocorre na organização Y. (C) W está mais protegida contra ataques cibernéticos do que a organização Y. (D) W e Y, embora estejam em níveis distintos, cuidam da segurança sem estabelecimento formal das práticas e procedimentos. (E) Y se encontra no nível mais alto de maturidade, não sendo mais necessário se atualizar a novos riscos ci- bernéticos.","Resposta correta: B. Explicação direta: A alternativa B está correta porque é a única que se alinha ao enunciado e ao conceito central de IAM e Controle de Acesso. Em termos práticos, o ponto decisivo é: W gerencia os riscos cibernéticos em um nível organi- zacional, mas ainda sem a percepção de que esse ge- renciamento é parte da cultura organizacional, como ocorre na organização Y. Explicação aprofundada: Raciocínio aprofundado: esta questão exige domínio de identidade, autenticação, autorização, princípio do menor privilégio e protocolos de acesso. A opção B é a melhor resposta por manter coerência técnica e semântica com o problema apresentado. As demais alternativas funcionam como distratores típicos de prova (generalização indevida, troca de conceito ou inversão de causa e efeito). Para consolidar o aprendizado, revise o tema com foco em definição formal, cenário de aplicação e limites do conceito cobrado. Análise das incorretas: A: incorreta por nao atender ao criterio central do enunciado. C: incorreta por nao atender ao criterio central do enunciado. D: incorreta por nao atender ao criterio central do enunciado. E: incorreta por nao atender ao criterio central do enunciado. Referências confiáveis: NIST SP 800-63; CIS Controls v8; OWASP ASVS (Authentication).",IAM e Controle de Acesso,concurso::bndes2024 ciber::tecnico q::40 explained::enhanced
BNDES-2024-P2-Q041,"BNDES 2024 Prova 2 Q41: A Norma ISO/27001:2022 elenca as boas práticas na implantação de um sistema de gestão de segurança da informação (SGSI) para organizações. Essa norma é cal- cada na estrutura PDCA (Plan, Do, Check, Act) e elenca ações a serem feitas a cada uma das etapas. Com relação ao ciclo PDCA no contexto da implantação de um SGSI, a estrutura adotada é (A) padronizada, com cada etapa sendo executada uma vez, e com maior relevância para a etapa de planeja- mento. (B) única para cada organização, devendo ter apenas eta- pas consideradas aplicáveis à organização onde está sendo implementada. (C) elíptica, com a etapa de atuação baseada nos resulta- dos avaliados na etapa de execução. (D) iterativa, com uma etapa de planejamento ocorrendo após cada etapa de atuação. (E) quadrada, com cada etapa sendo executada uma vez, e de igual relevância para o sucesso.","Resposta correta: D. Explicação direta: A alternativa D está correta porque é a única que se alinha ao enunciado e ao conceito central de Governança, Risco e Compliance. Em termos práticos, o ponto decisivo é: iterativa, com uma etapa de planejamento ocorrendo após cada etapa de atuação. Explicação aprofundada: Raciocínio aprofundado: esta questão exige domínio de tratamento de risco, terminologia normativa, políticas e evidências de conformidade. A opção D é a melhor resposta por manter coerência técnica e semântica com o problema apresentado. As demais alternativas funcionam como distratores típicos de prova (generalização indevida, troca de conceito ou inversão de causa e efeito). Para consolidar o aprendizado, revise o tema com foco em definição formal, cenário de aplicação e limites do conceito cobrado. Análise das incorretas: A: incorreta por nao atender ao criterio central do enunciado. B: incorreta por nao atender ao criterio central do enunciado. C: incorreta por nao atender ao criterio central do enunciado. E: incorreta por nao atender ao criterio central do enunciado. Referências confiáveis: ISO/IEC 27001/27002; NIST CSF 2.0; LGPD e guias ANPD.","Governança, Risco e Compliance",concurso::bndes2024 ciber::tecnico q::41 explained::enhanced
BNDES-2024-P2-Q042,"BNDES 2024 Prova 2 Q42: A ABNT NBR ISO/IEC 29100:2020 estabelece uma es- trutura de alto nível para a proteção de dados pessoais (DP) dentro de sistemas de tecnologia da informação e de comunicação (TIC). Essa norma recomenda que a alta direção da organização, envolvida no tratamento de DP, estabeleça uma política de privacidade com base em prin- cípios de privacidade que orientem a sua concepção, o seu desenvolvimento e a sua implementação. Dentre os princípios de privacidade adotados nessa norma, há um que permite que os responsáveis pelos DP questionem a exatidão e a integridade dos DP e que tais DP sejam aper- feiçoados, corrigidos ou removidos, conforme apropriado e possível no contexto específico. Esse princípio de privacidade é o de (A) abertura, transparência e notificação (B) acesso e participação individual (C) compliance com a privacidade (D) precisão e qualidade (E) responsabilização","Resposta correta: B. Explicação direta: A alternativa B está correta porque é a única que se alinha ao enunciado e ao conceito central de IAM e Controle de Acesso. Em termos práticos, o ponto decisivo é: acesso e participação individual Explicação aprofundada: Raciocínio aprofundado: esta questão exige domínio de identidade, autenticação, autorização, princípio do menor privilégio e protocolos de acesso. A opção B é a melhor resposta por manter coerência técnica e semântica com o problema apresentado. As demais alternativas funcionam como distratores típicos de prova (generalização indevida, troca de conceito ou inversão de causa e efeito). Para consolidar o aprendizado, revise o tema com foco em definição formal, cenário de aplicação e limites do conceito cobrado. Análise das incorretas: A: incorreta por nao atender ao criterio central do enunciado. C: incorreta por nao atender ao criterio central do enunciado. D: incorreta por nao atender ao criterio central do enunciado. E: incorreta por nao atender ao criterio central do enunciado. Referências confiáveis: NIST SP 800-63; CIS Controls v8; OWASP ASVS (Authentication).",IAM e Controle de Acesso,concurso::bndes2024 ciber::tecnico q::42 explained::enhanced
BNDES-2024-P2-Q043,"BNDES 2024 Prova 2 Q43: A ABNT NBR ISO/IEC 27005:2023 é uma norma com orientações para ajudar as organizações na realização de atividades de gestão de riscos de segurança da informa- ção. Essa norma apresenta termos e definições importan- tes, com o propósito de facilitar a compreensão do docu- mento da norma e de evitar ambiguidades que possam provocar uma interpretação errônea do seu texto. De acordo com essa norma, vulnerabilidade é a(o) (A) causa potencial de um incidente de segurança da in- formação que pode resultar em danos a um sistema ou prejuízos a uma organização. (B) fraqueza de um ativo ou controle que pode ser explo- rada e então pode ocorrer um evento com uma conse- quência negativa. (C) ocorrência ou mudança de um conjunto específico de circunstâncias. (D) elemento que, individualmente ou combinado, tem o potencial para dar origem ao risco. (E) evento de segurança da informação indesejado ou inesperado que tem probabilidade significativa de comprometer as operações do negócio.","Resposta correta: B. Explicação direta: A alternativa B está correta porque é a única que se alinha ao enunciado e ao conceito central de Governança, Risco e Compliance. Em termos práticos, o ponto decisivo é: fraqueza de um ativo ou controle que pode ser explo- rada e então pode ocorrer um evento com uma conse- quência negativa. Explicação aprofundada: Raciocínio aprofundado: esta questão exige domínio de tratamento de risco, terminologia normativa, políticas e evidências de conformidade. A opção B é a melhor resposta por manter coerência técnica e semântica com o problema apresentado. As demais alternativas funcionam como distratores típicos de prova (generalização indevida, troca de conceito ou inversão de causa e efeito). Para consolidar o aprendizado, revise o tema com foco em definição formal, cenário de aplicação e limites do conceito cobrado. Análise das incorretas: A: incorreta por nao atender ao criterio central do enunciado. C: incorreta por nao atender ao criterio central do enunciado. D: incorreta por nao atender ao criterio central do enunciado. E: incorreta por nao atender ao criterio central do enunciado. Referências confiáveis: ISO/IEC 27001/27002; NIST CSF 2.0; LGPD e guias ANPD.","Governança, Risco e Compliance",concurso::bndes2024 ciber::tecnico q::43 explained::enhanced
BNDES-2024-P2-Q044,BNDES 2024 Prova 2 Q44: Um Sistema de Gestão de Continuidade de Negócios (SGCN) aumenta o nível de resposta e prontidão da or- ganização para continuar operando durante disrupções. A ABNT NBR ISO 22313:2020 define os seis elementos da gestão de continuidade de negócios. O elemento que fornece o resultado que permite à or- ganização determinar parâmetros apropriados para as suas estratégias e soluções de continuidade de negó- cios é o de (A) análise de impacto nos negócios e avaliação de riscos (B) avaliação da documentação e das capacidades de continuidade de negócios (C) planejamento e controle operacional (D) planos e procedimentos de continuidade de negócios (E) programa de exercícios,"Resposta correta: A. Explicação direta: A alternativa A está correta porque é a única que se alinha ao enunciado e ao conceito central de Governança, Risco e Compliance. Em termos práticos, o ponto decisivo é: análise de impacto nos negócios e avaliação de riscos Explicação aprofundada: Raciocínio aprofundado: esta questão exige domínio de tratamento de risco, terminologia normativa, políticas e evidências de conformidade. A opção A é a melhor resposta por manter coerência técnica e semântica com o problema apresentado. As demais alternativas funcionam como distratores típicos de prova (generalização indevida, troca de conceito ou inversão de causa e efeito). Para consolidar o aprendizado, revise o tema com foco em definição formal, cenário de aplicação e limites do conceito cobrado. Análise das incorretas: B: incorreta por nao atender ao criterio central do enunciado. C: incorreta por nao atender ao criterio central do enunciado. D: incorreta por nao atender ao criterio central do enunciado. E: incorreta por nao atender ao criterio central do enunciado. Referências confiáveis: ISO/IEC 27001/27002; NIST CSF 2.0; LGPD e guias ANPD.","Governança, Risco e Compliance",concurso::bndes2024 ciber::tecnico q::44 explained::enhanced
BNDES-2024-P2-Q045,"BNDES 2024 Prova 2 Q45: AABNT NBR ISO/IEC 27035-1:2023 destina-se a comple- mentar outras normas e documentos que fornecem orien- tação sobre a investigação e preparação para investigar incidentes de segurança da informação. Conforme defini- do nessa norma, o processo de gestão de incidentes de segurança da informação consiste em cinco fases distin- tas. Há uma fase na qual pode ocorrer a necessidade de invocar medidas do plano de continuidade de negócios ou do plano de recuperação de desastre para os incidentes que excedam determinados limites organizacionais para as equipes de resposta a incidentes. Essa fase é a de (A) avaliar e decidir (B) detectar e comunicar (C) lições aprendidas (D) planejar e preparar (E) responder","Resposta correta: E. Explicação direta: A alternativa E está correta porque é a única que se alinha ao enunciado e ao conceito central de IAM e Controle de Acesso. Em termos práticos, o ponto decisivo é: responder Explicação aprofundada: Raciocínio aprofundado: esta questão exige domínio de identidade, autenticação, autorização, princípio do menor privilégio e protocolos de acesso. A opção E é a melhor resposta por manter coerência técnica e semântica com o problema apresentado. As demais alternativas funcionam como distratores típicos de prova (generalização indevida, troca de conceito ou inversão de causa e efeito). Para consolidar o aprendizado, revise o tema com foco em definição formal, cenário de aplicação e limites do conceito cobrado. Análise das incorretas: A: incorreta por nao atender ao criterio central do enunciado. B: incorreta por nao atender ao criterio central do enunciado. C: incorreta por nao atender ao criterio central do enunciado. D: incorreta por nao atender ao criterio central do enunciado. Referências confiáveis: NIST SP 800-63; CIS Controls v8; OWASP ASVS (Authentication).",IAM e Controle de Acesso,concurso::bndes2024 ciber::tecnico q::45 explained::enhanced
BNDES-2024-P2-Q046,"BNDES 2024 Prova 2 Q46: De acordo com a ABNT NBR ISO 22301:2020, um Sistema de Gestão de Continuidade de Negócios (SGCN) reforça a importância de entender as necessidades da organização e a imprescindibilidade de estabelecimento de uma política e de objetivos para a continuidade dos negócios. Conforme essa norma, um dos benefícios para a organi- zação, da perspectiva de processos internos, é que um SGCN (A) cria vantagem competitiva. (B) melhora a capacidade de permanecer eficaz durante as disrupções. (C) protege e melhora a sua reputação e credibilidade. (D) reduz a exposição legal e financeira. (E) reduz custos diretos e indiretos de disrupções.","Resposta correta: B. Explicação direta: A alternativa B está correta porque é a única que se alinha ao enunciado e ao conceito central de IAM e Controle de Acesso. Em termos práticos, o ponto decisivo é: melhora a capacidade de permanecer eficaz durante as disrupções. Explicação aprofundada: Raciocínio aprofundado: esta questão exige domínio de identidade, autenticação, autorização, princípio do menor privilégio e protocolos de acesso. A opção B é a melhor resposta por manter coerência técnica e semântica com o problema apresentado. As demais alternativas funcionam como distratores típicos de prova (generalização indevida, troca de conceito ou inversão de causa e efeito). Para consolidar o aprendizado, revise o tema com foco em definição formal, cenário de aplicação e limites do conceito cobrado. Análise das incorretas: A: incorreta por nao atender ao criterio central do enunciado. C: incorreta por nao atender ao criterio central do enunciado. D: incorreta por nao atender ao criterio central do enunciado. E: incorreta por nao atender ao criterio central do enunciado. Referências confiáveis: NIST SP 800-63; CIS Controls v8; OWASP ASVS (Authentication).",IAM e Controle de Acesso,concurso::bndes2024 ciber::tecnico q::46 explained::enhanced
BNDES-2024-P2-Q047,"BNDES 2024 Prova 2 Q47: O ataque é um ato intencional no qual um adversário procura evadir serviços de segurança e violar a política de segurança de um sistema. Os ataques passivos são muito difíceis de detectar, pois não envolvem alteração dos dados trafegados na rede. Por outro lado, os ataques ativos envolvem alguma modificação do fluxo de dados ou a criação de um fluxo falso. Dentre os exemplos de ataques, há o ataque de disfarce, cujo objetivo é o de (A) coletar informações, com base na escuta do fluxo de dados transmitido na linha de comunicação. (B) ganhar conhecimento por inferência, com base nas características observáveis do fluxo de dados. (C) provocar a sobrecarga da rede como um tipo de obs- trução, com a finalidade de causar uma interrupção. (D) consumir e esgotar os recursos do sistema da vítima, como ciclos de CPU, memória e espaço em disco. (E) ganhar acesso a um sistema ou desempenhar uma ação maliciosa, por posar ilegitimamente como uma entidade autorizada.","Resposta correta: E. Explicação direta: A alternativa E está correta porque é a única que se alinha ao enunciado e ao conceito central de Redes e Defesa Perimetral. Em termos práticos, o ponto decisivo é: ganhar acesso a um sistema ou desempenhar uma ação maliciosa, por posar ilegitimamente como uma entidade autorizada. Explicação aprofundada: Raciocínio aprofundado: esta questão exige domínio de proteção em camadas, filtragem e controles de borda/rede. A opção E é a melhor resposta por manter coerência técnica e semântica com o problema apresentado. As demais alternativas funcionam como distratores típicos de prova (generalização indevida, troca de conceito ou inversão de causa e efeito). Para consolidar o aprendizado, revise o tema com foco em definição formal, cenário de aplicação e limites do conceito cobrado. Análise das incorretas: A: incorreta por nao atender ao criterio central do enunciado. B: incorreta por nao atender ao criterio central do enunciado. C: incorreta por nao atender ao criterio central do enunciado. D: incorreta por nao atender ao criterio central do enunciado. Referências confiáveis: NIST SP 800-41; RFCs de protocolos de rede; CISA Zero Trust Maturity Model.",Redes e Defesa Perimetral,concurso::bndes2024 ciber::tecnico q::47 explained::enhanced
BNDES-2024-P2-Q048,"BNDES 2024 Prova 2 Q48: A varredura de porta de comunicação visa fazer uma ava- liação em massa do alvo e a identificação de serviços bus- cando os corredores de entrada mais poderosos. A técni- ca de varredura de porta TCP explora o 3-way handshake do TCP para determinar se uma porta de comunicação da vítima está aberta ou fechada. Dentre os exemplos de uso dessa técnica, há um que protege o endereço IP do atacante, pois faz uso de um zumbi para fazer a varredura de porta TCP da vítima. Essa técnica de varredura furtiva de porta TCP é conheci- da como varredura TCP (A) FIN (B) ACK (C) IDLE (D) NULL (E) XMAS","Resposta correta: C. Explicação direta: A alternativa C está correta porque é a única que se alinha ao enunciado e ao conceito central de Cibersegurança - geral. Em termos práticos, o ponto decisivo é: IDLE Explicação aprofundada: Raciocínio aprofundado: esta questão exige domínio de fundamentos de segurança da informação e uso correto de recursos técnicos de proteção. A opção C é a melhor resposta por manter coerência técnica e semântica com o problema apresentado. As demais alternativas funcionam como distratores típicos de prova (generalização indevida, troca de conceito ou inversão de causa e efeito). Para consolidar o aprendizado, revise o tema com foco em definição formal, cenário de aplicação e limites do conceito cobrado. Análise das incorretas: A: incorreta por nao atender ao criterio central do enunciado. B: incorreta por nao atender ao criterio central do enunciado. D: incorreta por nao atender ao criterio central do enunciado. E: incorreta por nao atender ao criterio central do enunciado. Referências confiáveis: NIST CSF 2.0; OWASP; CIS Controls v8.",Cibersegurança - geral,concurso::bndes2024 ciber::tecnico q::48 explained::enhanced
BNDES-2024-P2-Q049,"BNDES 2024 Prova 2 Q49: Muitos protocolos de rede possuem vulnerabilidades que, quando exploradas com sucesso por um adversário, cau- sam problemas graves na operação da infraestrutura da rede ou de serviços de rede. Dentre os possíveis ataques aos protocolos de comunicação usados nas redes IP, há um ataque no qual a entidade hostil recebe a mensagem do dispositivo solicitante e consegue responder a essa mensagem antes do servidor DHCP legítimo. Dessa for- ma, o dispositivo solicitante confirmará o recebimento dos parâmetros de configuração de rede fornecidos pela en- tidade hostil. Essa entidade hostil é conhecida como DHCP (A) Rogue Server (B) Bypass Server (C) Snooping Server (D) Inspection Server (E) Monitoring Server","Resposta correta: A. Explicação direta: A alternativa A está correta porque é a única que se alinha ao enunciado e ao conceito central de IAM e Controle de Acesso. Em termos práticos, o ponto decisivo é: Rogue Server Explicação aprofundada: Raciocínio aprofundado: esta questão exige domínio de identidade, autenticação, autorização, princípio do menor privilégio e protocolos de acesso. A opção A é a melhor resposta por manter coerência técnica e semântica com o problema apresentado. As demais alternativas funcionam como distratores típicos de prova (generalização indevida, troca de conceito ou inversão de causa e efeito). Para consolidar o aprendizado, revise o tema com foco em definição formal, cenário de aplicação e limites do conceito cobrado. Análise das incorretas: B: incorreta por nao atender ao criterio central do enunciado. C: incorreta por nao atender ao criterio central do enunciado. D: incorreta por nao atender ao criterio central do enunciado. E: incorreta por nao atender ao criterio central do enunciado. Referências confiáveis: NIST SP 800-63; CIS Controls v8; OWASP ASVS (Authentication).",IAM e Controle de Acesso,concurso::bndes2024 ciber::tecnico q::49 explained::enhanced
BNDES-2024-P2-Q050,"BNDES 2024 Prova 2 Q50: Um atacante presente numa rede local quer realizar um ataque para atuar como man-in-the-middle entre uma es- tação vítima e o default gateway da rede. Para executar esse ataque, o atacante quer fazer com que a estação da vítima associe o endereço MAC usado pelo atacante ao endereço IP do default gateway da rede. Além disso, quer fazer com que o default gateway da rede associe o endereço MAC usado pelo atacante ao endereço IP da estação da vítima. Para conseguir realizar essas associações, o atacante deve usar a técnica de (A) IP Spoofing (B) ARP Spoofing (C) ICMP Spoofing (D) TCP Flooding (E) TCP Hijacking","Resposta correta: B. Explicação direta: A alternativa B está correta porque é a única que se alinha ao enunciado e ao conceito central de IAM e Controle de Acesso. Em termos práticos, o ponto decisivo é: ARP Spoofing Explicação aprofundada: Raciocínio aprofundado: esta questão exige domínio de identidade, autenticação, autorização, princípio do menor privilégio e protocolos de acesso. A opção B é a melhor resposta por manter coerência técnica e semântica com o problema apresentado. As demais alternativas funcionam como distratores típicos de prova (generalização indevida, troca de conceito ou inversão de causa e efeito). Para consolidar o aprendizado, revise o tema com foco em definição formal, cenário de aplicação e limites do conceito cobrado. Análise das incorretas: A: incorreta por nao atender ao criterio central do enunciado. C: incorreta por nao atender ao criterio central do enunciado. D: incorreta por nao atender ao criterio central do enunciado. E: incorreta por nao atender ao criterio central do enunciado. Referências confiáveis: NIST SP 800-63; CIS Controls v8; OWASP ASVS (Authentication).",IAM e Controle de Acesso,concurso::bndes2024 ciber::tecnico q::50 explained::enhanced
BNDES-2024-P2-Q051,"BNDES 2024 Prova 2 Q51: O código malicioso é aquele programa de computador que tem o potencial de danificar sua vítima, mas nem sempre age dessa forma. Alguns códigos maliciosos optam por furtar dados pessoais, enquanto outros usam recursos de computação da vítima em benefício próprio, sem o conhe- cimento ou a autorização da vítima. Dentre esses códigos maliciosos, existe uma certa categoria que visa utilizar có- digo Javascript malicioso para furtar dados de cartão de crédito e outras informações preenchidas em páginas de pagamento de web sites de e-Commerce. Essa categoria de códigos maliciosos é conhecida como (A) worm (B) formjacking (C) downloader (D) ransomware (E) cryptojacking","Resposta correta: B. Explicação direta: A alternativa B está correta porque é a única que se alinha ao enunciado e ao conceito central de Criptografia e Hash. Em termos práticos, o ponto decisivo é: formjacking Explicação aprofundada: Raciocínio aprofundado: esta questão exige domínio de confidencialidade, integridade, autenticidade, gestão de chaves e propriedades de protocolos criptográficos. A opção B é a melhor resposta por manter coerência técnica e semântica com o problema apresentado. As demais alternativas funcionam como distratores típicos de prova (generalização indevida, troca de conceito ou inversão de causa e efeito). Para consolidar o aprendizado, revise o tema com foco em definição formal, cenário de aplicação e limites do conceito cobrado. Análise das incorretas: A: incorreta por nao atender ao criterio central do enunciado. C: incorreta por nao atender ao criterio central do enunciado. D: incorreta por nao atender ao criterio central do enunciado. E: incorreta por nao atender ao criterio central do enunciado. Referências confiáveis: NIST SP 800-57; NIST SP 800-52r2 (TLS); RFC 8446 (TLS 1.3).",Criptografia e Hash,concurso::bndes2024 ciber::tecnico q::51 explained::enhanced
BNDES-2024-P2-Q052,"BNDES 2024 Prova 2 Q52: A engenharia social é uma técnica de manipulação que visa persuadir pessoas a cometerem erros ou burlar po- líticas de segurança, de forma que o adversário tenha êxito em ações maliciosas que não seriam viáveis sem a participação da vítima. Dentre os métodos mais comuns de engenharia social, existe um que tem como objetivo seguir um membro autorizado da equipe em uma área de acesso restrito e se aproveitar da cortesia social para fa- zer com que a pessoa segure a porta para o atacante ou para convencer a pessoa de que o atacante também está autorizado a ficar na área de acesso restrito. Esse método de engenharia social é conhecido como (A) baiting (B) phishing (C) smishing (D) tailgating (E) honeytrap","Resposta correta: D. Explicação direta: A alternativa D está correta porque é a única que se alinha ao enunciado e ao conceito central de IAM e Controle de Acesso. Em termos práticos, o ponto decisivo é: tailgating Explicação aprofundada: Raciocínio aprofundado: esta questão exige domínio de identidade, autenticação, autorização, princípio do menor privilégio e protocolos de acesso. A opção D é a melhor resposta por manter coerência técnica e semântica com o problema apresentado. As demais alternativas funcionam como distratores típicos de prova (generalização indevida, troca de conceito ou inversão de causa e efeito). Para consolidar o aprendizado, revise o tema com foco em definição formal, cenário de aplicação e limites do conceito cobrado. Análise das incorretas: A: incorreta por nao atender ao criterio central do enunciado. B: incorreta por nao atender ao criterio central do enunciado. C: incorreta por nao atender ao criterio central do enunciado. E: incorreta por nao atender ao criterio central do enunciado. Referências confiáveis: NIST SP 800-63; CIS Controls v8; OWASP ASVS (Authentication).",IAM e Controle de Acesso,concurso::bndes2024 ciber::tecnico q::52 explained::enhanced
BNDES-2024-P2-Q053,"BNDES 2024 Prova 2 Q53: O reconhecimento é uma tática adversária que consiste em coletar informação do sistema-alvo de forma ativa ou passiva para auxiliar nas demais fases de um ataque. Uma ferramenta simples e poderosa pode auxiliar as atividades de avaliação de um red team ou de um teste de pene- tração, realizando investigação e inteligência com fontes abertas (OSINT – Open Source Intelligence) para ajudar na coleta de informações de um domínio, como nomes, e-mails, IP, subdomínios e URL, usando recursos públicos. Essa ferramenta é a (A) ghidra (B) hashcat (C) steghide (D) setoolkit (E) theHarvester","Resposta correta: E. Explicação direta: A alternativa E está correta porque é a única que se alinha ao enunciado e ao conceito central de Cibersegurança - geral. Em termos práticos, o ponto decisivo é: theHarvester Explicação aprofundada: Raciocínio aprofundado: esta questão exige domínio de fundamentos de segurança da informação e uso correto de recursos técnicos de proteção. A opção E é a melhor resposta por manter coerência técnica e semântica com o problema apresentado. As demais alternativas funcionam como distratores típicos de prova (generalização indevida, troca de conceito ou inversão de causa e efeito). Para consolidar o aprendizado, revise o tema com foco em definição formal, cenário de aplicação e limites do conceito cobrado. Análise das incorretas: A: incorreta por nao atender ao criterio central do enunciado. B: incorreta por nao atender ao criterio central do enunciado. C: incorreta por nao atender ao criterio central do enunciado. D: incorreta por nao atender ao criterio central do enunciado. Referências confiáveis: NIST CSF 2.0; OWASP; CIS Controls v8.",Cibersegurança - geral,concurso::bndes2024 ciber::tecnico q::53 explained::enhanced
BNDES-2024-P2-Q054,"BNDES 2024 Prova 2 Q54: A estratégia de defesa em profundidade implica a implan- tação de camadas de segurança independentes. Essa estratégia é amplamente adotada na segurança do pe- rímetro da rede de comunicação de dados, por meio da implantação de componentes de segurança. Um desses componentes opera no nível de aplicação como um in- termediário na comunicação entre as aplicações das es- tações internas e os servidores externos, para proteger a privacidade e aplicar políticas corporativas de restrição de acesso a sítios externos. Esse componente de segurança é o (A) firewall proxy (B) firewall com estado (C) gateway VPN (D) filtro de pacotes (E) intrusion detection system","Resposta correta: A. Explicação direta: A alternativa A está correta porque é a única que se alinha ao enunciado e ao conceito central de IAM e Controle de Acesso. Em termos práticos, o ponto decisivo é: firewall proxy Explicação aprofundada: Raciocínio aprofundado: esta questão exige domínio de identidade, autenticação, autorização, princípio do menor privilégio e protocolos de acesso. A opção A é a melhor resposta por manter coerência técnica e semântica com o problema apresentado. As demais alternativas funcionam como distratores típicos de prova (generalização indevida, troca de conceito ou inversão de causa e efeito). Para consolidar o aprendizado, revise o tema com foco em definição formal, cenário de aplicação e limites do conceito cobrado. Análise das incorretas: B: incorreta por nao atender ao criterio central do enunciado. C: incorreta por nao atender ao criterio central do enunciado. D: incorreta por nao atender ao criterio central do enunciado. E: incorreta por nao atender ao criterio central do enunciado. Referências confiáveis: NIST SP 800-63; CIS Controls v8; OWASP ASVS (Authentication).",IAM e Controle de Acesso,concurso::bndes2024 ciber::tecnico q::54 explained::enhanced
BNDES-2024-P2-Q055,"BNDES 2024 Prova 2 Q55: O OWASP Top 10 apresenta as categorias de riscos de segurança mais críticos de aplicações Web, verificadas durante um certo período de avaliação e serve como um guia para profissionais de segurança e desenvolvedores de sistemas. Num dos cenários de ataque apresentados na publicação de 2021, um invasor monitora uma aplica- ção Web que não usa nem força o uso do TLS (Transport Layer Security), o que possibilita que um invasor moni- tore o tráfego de rede (por exemplo, em uma rede sem fio insegura), intercepte solicitações e roube o cookie de sessão do usuário. Esse cenário de ataque é apontado na categoria de risco de segurança (A) Injection (B) Cryptographic Failures (C) Broken Access Control (D) Server Side Request Forgery (E) Vulnerable and Outdated Components","Resposta correta: B. Explicação direta: A alternativa B está correta porque é a única que se alinha ao enunciado e ao conceito central de Criptografia e Hash. Em termos práticos, o ponto decisivo é: Cryptographic Failures Explicação aprofundada: Raciocínio aprofundado: esta questão exige domínio de confidencialidade, integridade, autenticidade, gestão de chaves e propriedades de protocolos criptográficos. A opção B é a melhor resposta por manter coerência técnica e semântica com o problema apresentado. As demais alternativas funcionam como distratores típicos de prova (generalização indevida, troca de conceito ou inversão de causa e efeito). Para consolidar o aprendizado, revise o tema com foco em definição formal, cenário de aplicação e limites do conceito cobrado. Análise das incorretas: A: incorreta por nao atender ao criterio central do enunciado. C: incorreta por nao atender ao criterio central do enunciado. D: incorreta por nao atender ao criterio central do enunciado. E: incorreta por nao atender ao criterio central do enunciado. Referências confiáveis: NIST SP 800-57; NIST SP 800-52r2 (TLS); RFC 8446 (TLS 1.3).",Criptografia e Hash,concurso::bndes2024 ciber::tecnico q::55 explained::enhanced
BNDES-2024-P2-Q056,"BNDES 2024 Prova 2 Q56: A fim de garantir a segurança da informação, é preciso ado- tar um conjunto de medidas de proteção para tornar siste- mas de informação e sistemas de comunicação resistentes a ataques. Dentre essas medidas de proteção, existe uma que visa fornecer evidências que podem ser armazenadas e, posteriormente, apresentadas a terceiros, para resolver disputas que surgem se e quando uma comunicação é ne- gada por uma das entidades envolvidas. Essa medida de proteção é conhecida como (A) integridade (B) autenticidade (C) irretroatividade (D) irretratabilidade (E) confidencialidade","Resposta correta: D. Explicação direta: A alternativa D está correta porque é a única que se alinha ao enunciado e ao conceito central de Governança, Risco e Compliance. Em termos práticos, o ponto decisivo é: irretratabilidade Explicação aprofundada: Raciocínio aprofundado: esta questão exige domínio de tratamento de risco, terminologia normativa, políticas e evidências de conformidade. A opção D é a melhor resposta por manter coerência técnica e semântica com o problema apresentado. As demais alternativas funcionam como distratores típicos de prova (generalização indevida, troca de conceito ou inversão de causa e efeito). Para consolidar o aprendizado, revise o tema com foco em definição formal, cenário de aplicação e limites do conceito cobrado. Análise das incorretas: A: incorreta por nao atender ao criterio central do enunciado. B: incorreta por nao atender ao criterio central do enunciado. C: incorreta por nao atender ao criterio central do enunciado. E: incorreta por nao atender ao criterio central do enunciado. Referências confiáveis: ISO/IEC 27001/27002; NIST CSF 2.0; LGPD e guias ANPD.","Governança, Risco e Compliance",concurso::bndes2024 ciber::tecnico q::56 explained::enhanced
BNDES-2024-P2-Q057,"BNDES 2024 Prova 2 Q57: O padrão IEEE 802.1X fornece um controle de acesso à rede de comunicação de dados, através de um mecanis- mo de autenticação que envolve três partes: o suplican- te, o autenticador e o servidor de autenticação. Durante o processo de autenticação, a entidade que deseja acessar a rede (suplicante) interage diretamente com a entidade que fornece o acesso à rede (autenticador). O autentica- dor interage diretamente com a entidade que decide se o suplicante pode ou não acessar a rede (servidor de au- tenticação). O protocolo de comunicação utilizado pelo suplicante para interagir com o autenticador durante o processo de autenticação é o (A) EAP (B) SAML (C) LDAP (D) OAuth2 (E) RADIUS","Resposta correta: A. Explicação direta: A alternativa A está correta porque é a única que se alinha ao enunciado e ao conceito central de IAM e Controle de Acesso. Em termos práticos, o ponto decisivo é: EAP Explicação aprofundada: Raciocínio aprofundado: esta questão exige domínio de identidade, autenticação, autorização, princípio do menor privilégio e protocolos de acesso. A opção A é a melhor resposta por manter coerência técnica e semântica com o problema apresentado. As demais alternativas funcionam como distratores típicos de prova (generalização indevida, troca de conceito ou inversão de causa e efeito). Para consolidar o aprendizado, revise o tema com foco em definição formal, cenário de aplicação e limites do conceito cobrado. Análise das incorretas: B: incorreta por nao atender ao criterio central do enunciado. C: incorreta por nao atender ao criterio central do enunciado. D: incorreta por nao atender ao criterio central do enunciado. E: incorreta por nao atender ao criterio central do enunciado. Referências confiáveis: NIST SP 800-63; CIS Controls v8; OWASP ASVS (Authentication).",IAM e Controle de Acesso,concurso::bndes2024 ciber::tecnico q::57 explained::enhanced
BNDES-2024-P2-Q058,"BNDES 2024 Prova 2 Q58: Os Controles CIS (Center for Internet Security) refletem o consenso de uma comunidade internacional de indivíduos e instituições voluntários sobre importantes controles de segurança. O Controle CIS de defesas de malware visa impedir ou controlar a instalação, disseminação e execu- ção de aplicações, códigos ou scripts maliciosos em ati- vos corporativos. Uma das medidas de segurança definidas para a implan- tação desse controle é (A) exigir MFA para aplicações expostas externamente. (B) estabelecer e manter um inventário de contas de serviço. (C) definir e manter o controle de acesso baseado em funções. (D) desabilitar a execução e reprodução automática para mídias removíveis. (E) restringir privilégios de administrador a contas de ad- ministrador dedicadas.","Resposta correta: D. Explicação direta: A alternativa D está correta porque é a única que se alinha ao enunciado e ao conceito central de Criptografia e Hash. Em termos práticos, o ponto decisivo é: desabilitar a execução e reprodução automática para mídias removíveis. Explicação aprofundada: Raciocínio aprofundado: esta questão exige domínio de confidencialidade, integridade, autenticidade, gestão de chaves e propriedades de protocolos criptográficos. A opção D é a melhor resposta por manter coerência técnica e semântica com o problema apresentado. As demais alternativas funcionam como distratores típicos de prova (generalização indevida, troca de conceito ou inversão de causa e efeito). Para consolidar o aprendizado, revise o tema com foco em definição formal, cenário de aplicação e limites do conceito cobrado. Análise das incorretas: A: incorreta por nao atender ao criterio central do enunciado. B: incorreta por nao atender ao criterio central do enunciado. C: incorreta por nao atender ao criterio central do enunciado. E: incorreta por nao atender ao criterio central do enunciado. Referências confiáveis: NIST SP 800-57; NIST SP 800-52r2 (TLS); RFC 8446 (TLS 1.3).",Criptografia e Hash,concurso::bndes2024 ciber::tecnico q::58 explained::enhanced
BNDES-2024-P2-Q059,"BNDES 2024 Prova 2 Q59: As equipes do Security Operation Center (SOC) da orga- nização, muitas vezes, são inundadas com tarefas repeti- tivas e demoradas que prejudicam e reduzem a eficiência na resposta aos incidentes. Para minimizar esse proble- ma, um conjunto de tecnologias de segurança cibernética permite que as organizações respondam a alguns inci- dentes automaticamente, possibilitando que os adminis- tradores lidem com alertas de segurança, sem a neces- sidade de intervenção manual. Para isso, englobam três importantes recursos de software usados pelas equipes de cibersegurança: gerenciamento de casos e de fluxos de trabalho; automação de tarefas e acesso a meios cen- tralizados de consulta; e compartilhamento de informa- ções sobre ameaças. Esse conjunto de tecnologias de segurança cibernética é conhecido como (A) IPS (B) DLP (C) WAF (D) CASB (E) SOAR","Resposta correta: E. Explicação direta: A alternativa E está correta porque é a única que se alinha ao enunciado e ao conceito central de IAM e Controle de Acesso. Em termos práticos, o ponto decisivo é: SOAR Explicação aprofundada: Raciocínio aprofundado: esta questão exige domínio de identidade, autenticação, autorização, princípio do menor privilégio e protocolos de acesso. A opção E é a melhor resposta por manter coerência técnica e semântica com o problema apresentado. As demais alternativas funcionam como distratores típicos de prova (generalização indevida, troca de conceito ou inversão de causa e efeito). Para consolidar o aprendizado, revise o tema com foco em definição formal, cenário de aplicação e limites do conceito cobrado. Análise das incorretas: A: incorreta por nao atender ao criterio central do enunciado. B: incorreta por nao atender ao criterio central do enunciado. C: incorreta por nao atender ao criterio central do enunciado. D: incorreta por nao atender ao criterio central do enunciado. Referências confiáveis: NIST SP 800-63; CIS Controls v8; OWASP ASVS (Authentication).",IAM e Controle de Acesso,concurso::bndes2024 ciber::tecnico q::59 explained::enhanced
BNDES-2024-P2-Q060,"BNDES 2024 Prova 2 Q60: O Transport Layer Security (TLS) é um padrão de comu- nicação segura que criptografa e autentica a comunica- ção entre aplicativos e servidores para assegurar prote- ção de dados. As duas versões mais comuns ainda em uso hoje são o TLS 1.2 e o mais recente protocolo TLS 1.3. Existem várias diferenças importantes entre essas versões que melhoram a segurança, o desempenho e a privacidade. Dentre as principais diferenças, verifica-se que o TLS 1.3 suporta (A) apenas a cifragem AEAD com algoritmos fortes, como o AES-GCM e o Cha-Cha20-Poly1305. (B) apenas o handshake completo com dois round-trips, enquanto versões antigas suportam o handshake com um round-trip ou zero round-trip, com retomada da sessão. (C) opcionalmente a cifragem simétrica DES e 3DES, mas removeu os algoritmos MD5 e SHA-1. (D) opcionalmente o forward secrecy para trocas de cha- ves, usando Diffie–Hellman e Diffie–Hellman de curva elíptica. (E) opcionalmente trocas de chaves RSA estáticas, nas quais os servidores usam certificados com chaves RSA para criptografar chaves de sessão e trocá-las com clientes.","Resposta correta: A. Explicação direta: A alternativa A está correta porque é a única que se alinha ao enunciado e ao conceito central de Criptografia e Hash. Em termos práticos, o ponto decisivo é: apenas a cifragem AEAD com algoritmos fortes, como o AES-GCM e o Cha-Cha20-Poly1305. Explicação aprofundada: Raciocínio aprofundado: esta questão exige domínio de confidencialidade, integridade, autenticidade, gestão de chaves e propriedades de protocolos criptográficos. A opção A é a melhor resposta por manter coerência técnica e semântica com o problema apresentado. As demais alternativas funcionam como distratores típicos de prova (generalização indevida, troca de conceito ou inversão de causa e efeito). Para consolidar o aprendizado, revise o tema com foco em definição formal, cenário de aplicação e limites do conceito cobrado. Análise das incorretas: B: incorreta por nao atender ao criterio central do enunciado. C: incorreta por nao atender ao criterio central do enunciado. D: incorreta por nao atender ao criterio central do enunciado. E: incorreta por nao atender ao criterio central do enunciado. Referências confiáveis: NIST SP 800-57; NIST SP 800-52r2 (TLS); RFC 8446 (TLS 1.3).",Criptografia e Hash,concurso::bndes2024 ciber::tecnico q::60 explained::enhanced
BNDES-2024-P2-Q061,"BNDES 2024 Prova 2 Q61: Os Benchmarks CIS (Center for Internet Security) são re- comendações de configurações técnicas para manter ou aumentar a segurança de uma tecnologia específica. Por exemplo, no CIS Red Hat Enterprise Linux 9 Benchmark v1.0.0, encontram-se recomendações de configuração técnica relevantes para o sistema RHEL 9. Dentre as re- comendações para a configuração de sistemas de arqui- vos, os diretórios que são usados para funções de todo o sistema podem ser protegidos, ainda mais quando são colocados em partições separadas. Isso fornece proteção para exaustão de recursos e permite o uso de opções de montagem que são aplicáveis ao uso pretendido do dire- tório. Em particular, para o sistema de arquivos do /tmp, a recomendação é montá-lo em uma partição separada e usar opções de montagem para evitar três ameaças nes- se sistema de arquivos: (1) criação de arquivos especiais de dispositivos de bloco ou de fluxo; (2) criação de arquivos com permissão de setuid; (3) execução de arquivos binários. Respectivamente, essas opções de montagem são (A) nodev, nosuid e noexec (B) nodev, nosetuid e norun (C) nodev, nosetuid e noexec (D) nospecdev, nosuid e nofork (E) nospecdev, nosetuid e norun","Resposta correta: A. Explicação direta: A alternativa A está correta porque é a única que se alinha ao enunciado e ao conceito central de IAM e Controle de Acesso. Em termos práticos, o ponto decisivo é: nodev, nosuid e noexec Explicação aprofundada: Raciocínio aprofundado: esta questão exige domínio de identidade, autenticação, autorização, princípio do menor privilégio e protocolos de acesso. A opção A é a melhor resposta por manter coerência técnica e semântica com o problema apresentado. As demais alternativas funcionam como distratores típicos de prova (generalização indevida, troca de conceito ou inversão de causa e efeito). Para consolidar o aprendizado, revise o tema com foco em definição formal, cenário de aplicação e limites do conceito cobrado. Análise das incorretas: B: incorreta por nao atender ao criterio central do enunciado. C: incorreta por nao atender ao criterio central do enunciado. D: incorreta por nao atender ao criterio central do enunciado. E: incorreta por nao atender ao criterio central do enunciado. Referências confiáveis: NIST SP 800-63; CIS Controls v8; OWASP ASVS (Authentication).",IAM e Controle de Acesso,concurso::bndes2024 ciber::tecnico q::61 explained::enhanced
BNDES-2024-P2-Q062,"BNDES 2024 Prova 2 Q62: Os Controles CIS (Center for Internet Security) refletem o conhecimento combinado de inúmeros especialistas de várias áreas de segurança e de vários setores, que com- partilham percepções sobre ataques e invasores, identi- ficam as causas básicas e as traduzem em classes de ação defensivas. A versão 8 dos Controles CIS apresenta Grupos de Implementação (IG, sigla em inglês) de Con- troles CIS, e cada IG identifica um subconjunto dos Con- troles CIS que a comunidade avaliou amplamente para serem aplicáveis a uma empresa com um perfil de risco e recursos semelhantes para implementação. Dentre es- ses IG, um deles é recomendado para uma empresa que emprega especialistas em segurança especializados nas diferentes facetas da segurança cibernética (por exemplo, gestão de riscos, teste de invasão, segurança de aplica- ções) e na qual os ativos e os dados contêm informações ou funções confidenciais que estão sujeitas à supervisão regulatória e de conformidade, o que obriga a empresa a abordar a disponibilidade dos serviços e a confidenciali- dade e integridade dos dados sensíveis. Esse Grupo de Implementação de Controle CIS é o (A) IG1 (B) IG2 (C) IG3 (D) IG4 (E) IG5","Resposta correta: C. Explicação direta: A alternativa C está correta porque é a única que se alinha ao enunciado e ao conceito central de Governança, Risco e Compliance. Em termos práticos, o ponto decisivo é: IG3 Explicação aprofundada: Raciocínio aprofundado: esta questão exige domínio de tratamento de risco, terminologia normativa, políticas e evidências de conformidade. A opção C é a melhor resposta por manter coerência técnica e semântica com o problema apresentado. As demais alternativas funcionam como distratores típicos de prova (generalização indevida, troca de conceito ou inversão de causa e efeito). Para consolidar o aprendizado, revise o tema com foco em definição formal, cenário de aplicação e limites do conceito cobrado. Análise das incorretas: A: incorreta por nao atender ao criterio central do enunciado. B: incorreta por nao atender ao criterio central do enunciado. D: incorreta por nao atender ao criterio central do enunciado. E: incorreta por nao atender ao criterio central do enunciado. Referências confiáveis: ISO/IEC 27001/27002; NIST CSF 2.0; LGPD e guias ANPD.","Governança, Risco e Compliance",concurso::bndes2024 ciber::tecnico q::62 explained::enhanced
BNDES-2024-P2-Q063,"BNDES 2024 Prova 2 Q63: Conforme descrito no documento CIS Microsoft Windows Server 2019 Standalone Benchmark v1.0.0, os usuários devem ser educados sobre a seleção e a manutenção adequadas de senhas pessoais, especialmente com re- lação ao comprimento. Os tipos de ataques de senha in- cluem ataques de dicionário (que tentam usar palavras e frases comuns) e ataques de força bruta (que tentam todas as combinações possíveis de caracteres). Além disso, os invasores, às vezes, tentam obter o banco de dados de contas para que possam usar ferramentas para descobrir as contas e as senhas. Segundo esse benchmark, a recomendação para o ta- manho das senhas no ambiente corporativo é de quantos caracteres? (A) 6 (B) 8 (C) 10 (D) 12 (E) 14 ou mais","Resposta correta: E. Explicação direta: A alternativa E está correta porque é a única que se alinha ao enunciado e ao conceito central de IAM e Controle de Acesso. Em termos práticos, o ponto decisivo é: 14 ou mais Explicação aprofundada: Raciocínio aprofundado: esta questão exige domínio de identidade, autenticação, autorização, princípio do menor privilégio e protocolos de acesso. A opção E é a melhor resposta por manter coerência técnica e semântica com o problema apresentado. As demais alternativas funcionam como distratores típicos de prova (generalização indevida, troca de conceito ou inversão de causa e efeito). Para consolidar o aprendizado, revise o tema com foco em definição formal, cenário de aplicação e limites do conceito cobrado. Análise das incorretas: A: incorreta por nao atender ao criterio central do enunciado. B: incorreta por nao atender ao criterio central do enunciado. C: incorreta por nao atender ao criterio central do enunciado. D: incorreta por nao atender ao criterio central do enunciado. Referências confiáveis: NIST SP 800-63; CIS Controls v8; OWASP ASVS (Authentication).",IAM e Controle de Acesso,concurso::bndes2024 ciber::tecnico q::63 explained::enhanced
BNDES-2024-P2-Q064,"BNDES 2024 Prova 2 Q64: A implementação dos controles de segurança da infor- mação é realizada com os mecanismos de segurança. Pode-se usar um método ou processo para assegurar a integridade de uma unidade de dados ou de um fluxo de unidade de dados, produzindo um código de verificação de integridade representado por um bloco de bits de ta- manho fixo. Esse bloco é conhecido como (A) marca d’água (B) certificado digital (C) carimbo de tempo (D) valor de enchimento (E) resumo de mensagem","Resposta correta: E. Explicação direta: A alternativa E está correta porque é a única que se alinha ao enunciado e ao conceito central de IAM e Controle de Acesso. Em termos práticos, o ponto decisivo é: resumo de mensagem Explicação aprofundada: Raciocínio aprofundado: esta questão exige domínio de identidade, autenticação, autorização, princípio do menor privilégio e protocolos de acesso. A opção E é a melhor resposta por manter coerência técnica e semântica com o problema apresentado. As demais alternativas funcionam como distratores típicos de prova (generalização indevida, troca de conceito ou inversão de causa e efeito). Para consolidar o aprendizado, revise o tema com foco em definição formal, cenário de aplicação e limites do conceito cobrado. Análise das incorretas: A: incorreta por nao atender ao criterio central do enunciado. B: incorreta por nao atender ao criterio central do enunciado. C: incorreta por nao atender ao criterio central do enunciado. D: incorreta por nao atender ao criterio central do enunciado. Referências confiáveis: NIST SP 800-63; CIS Controls v8; OWASP ASVS (Authentication).",IAM e Controle de Acesso,concurso::bndes2024 ciber::tecnico q::64 explained::enhanced
BNDES-2024-P2-Q065,"BNDES 2024 Prova 2 Q65: Um CSIRT (Computer Security Incident Response Team) é capaz não apenas de coletar e avaliar relatórios de in- cidentes de segurança da informação, mas também de analisar dados relevantes e executar análises técnicas detalhadas do incidente em si e de quaisquer artefatos usados. A partir dessa análise, a mitigação e as etapas para se recuperar do incidente podem ser recomendadas. De acordo com o FIRST CSIRT Services Framework, o serviço de mitigação e recuperação está definido para a área de serviço de (A) Consciência Situacional (B) Transferência de Conhecimento (C) Gestão de Vulnerabilidade (D) Gestão de Eventos de Segurança da Informação (E) Gestão de Incidentes de Segurança da Informação","Resposta correta: E. Explicação direta: A alternativa E está correta porque é a única que se alinha ao enunciado e ao conceito central de SOC, SIEM e Resposta a Incidentes. Em termos práticos, o ponto decisivo é: Gestão de Incidentes de Segurança da Informação Explicação aprofundada: Raciocínio aprofundado: esta questão exige domínio de detecção, triagem, resposta e automação operacional em segurança. A opção E é a melhor resposta por manter coerência técnica e semântica com o problema apresentado. As demais alternativas funcionam como distratores típicos de prova (generalização indevida, troca de conceito ou inversão de causa e efeito). Para consolidar o aprendizado, revise o tema com foco em definição formal, cenário de aplicação e limites do conceito cobrado. Análise das incorretas: A: incorreta por nao atender ao criterio central do enunciado. B: incorreta por nao atender ao criterio central do enunciado. C: incorreta por nao atender ao criterio central do enunciado. D: incorreta por nao atender ao criterio central do enunciado. Referências confiáveis: NIST SP 800-61r2; MITRE ATT&CK; CISA Incident Response Guides.","SOC, SIEM e Resposta a Incidentes",concurso::bndes2024 ciber::tecnico q::65 explained::enhanced
BNDES-2024-P2-Q066,"BNDES 2024 Prova 2 Q66: A taxonomia das táticas, técnicas e subtécnicas adversárias proposta pela MITRE ATT&CK® estabelece uma linguagem comum para compartilhar informações sobre ameaças cibernéticas e para colaborar na prevenção de ameaças. Um exemplo de técnica da tática de evasão de defesa da matriz para empresas da MITRE ATT&CK® é (A) criar conta. (B) usar força bruta. (C) ocultar artefatos. (D) coletar informações do host da vítima. (E) criar e modificar processos do sistema.","Resposta correta: C. Explicação direta: A alternativa C está correta porque é a única que se alinha ao enunciado e ao conceito central de Cibersegurança - geral. Em termos práticos, o ponto decisivo é: ocultar artefatos. Explicação aprofundada: Raciocínio aprofundado: esta questão exige domínio de fundamentos de segurança da informação e uso correto de recursos técnicos de proteção. A opção C é a melhor resposta por manter coerência técnica e semântica com o problema apresentado. As demais alternativas funcionam como distratores típicos de prova (generalização indevida, troca de conceito ou inversão de causa e efeito). Para consolidar o aprendizado, revise o tema com foco em definição formal, cenário de aplicação e limites do conceito cobrado. Análise das incorretas: A: incorreta por nao atender ao criterio central do enunciado. B: incorreta por nao atender ao criterio central do enunciado. D: incorreta por nao atender ao criterio central do enunciado. E: incorreta por nao atender ao criterio central do enunciado. Referências confiáveis: NIST CSF 2.0; OWASP; CIS Controls v8.",Cibersegurança - geral,concurso::bndes2024 ciber::tecnico q::66 explained::enhanced
BNDES-2024-P2-Q067,"BNDES 2024 Prova 2 Q67: O Common Weakness Enumeration (CWE) é uma base de conhecimento sobre fraquezas comuns em hardware e software que, sob certas circunstâncias, podem contribuir para a introdução de vulnerabilidades. O CWE Top 25 de 2023 demonstra as fraquezas de software mais comuns e impactantes atualmente. Dentre essas 25 fraquezas, destaca-se uma na qual o servidor web recebe uma URL e recupera o conteúdo dessa URL, mas não garante suficientemente que a solicitação seja enviada ao destino esperado, permitindo que o servidor seja usado como um proxy para realizar a varredura de portas de hosts em redes internas. Essa fraqueza é listada no CWE como (A) SSRF (B) CSRF (C) Out-of-bounds read (D) Missing Authorization (E) Deserialization of Untrusted Data","Resposta correta: A. Explicação direta: A alternativa A está correta porque é a única que se alinha ao enunciado e ao conceito central de Segurança de Aplicações Web. Em termos práticos, o ponto decisivo é: SSRF Explicação aprofundada: Raciocínio aprofundado: esta questão exige domínio de riscos OWASP, vetores de ataque e controles de mitigação por desenho seguro. A opção A é a melhor resposta por manter coerência técnica e semântica com o problema apresentado. As demais alternativas funcionam como distratores típicos de prova (generalização indevida, troca de conceito ou inversão de causa e efeito). Para consolidar o aprendizado, revise o tema com foco em definição formal, cenário de aplicação e limites do conceito cobrado. Análise das incorretas: B: incorreta por nao atender ao criterio central do enunciado. C: incorreta por nao atender ao criterio central do enunciado. D: incorreta por nao atender ao criterio central do enunciado. E: incorreta por nao atender ao criterio central do enunciado. Referências confiáveis: OWASP Top 10; OWASP ASVS; MITRE CWE.",Segurança de Aplicações Web,concurso::bndes2024 ciber::tecnico q::67 explained::enhanced
BNDES-2024-P2-Q068,"BNDES 2024 Prova 2 Q68: O Common Vulnerability Scoring System (CVSS) é um framework aberto para comunicar as características e a gravidade das vulnerabilidades de sistemas que propõe uma maneira de capturar as principais características de uma vulnerabilidade e de produzir uma pontuação numérica que reflete sua gravidade e pode ser traduzida em uma representação qualitativa. Os quatro grupos de métricas definidos no CVSS versão 4.0 são: (A) Base, Threat, Temporal e Supplemental (B) Base, Threat, Environmental e Temporal (C) Base, Threat, Environmental e Supplemental (D) Base, Temporal, Environmental e Supplemental (E) Threat, Temporal, Environmental e Supplemental","Resposta correta: C. Explicação direta: A alternativa C está correta porque é a única que se alinha ao enunciado e ao conceito central de Cibersegurança - geral. Em termos práticos, o ponto decisivo é: Base, Threat, Environmental e Supplemental Explicação aprofundada: Raciocínio aprofundado: esta questão exige domínio de fundamentos de segurança da informação e uso correto de recursos técnicos de proteção. A opção C é a melhor resposta por manter coerência técnica e semântica com o problema apresentado. As demais alternativas funcionam como distratores típicos de prova (generalização indevida, troca de conceito ou inversão de causa e efeito). Para consolidar o aprendizado, revise o tema com foco em definição formal, cenário de aplicação e limites do conceito cobrado. Análise das incorretas: A: incorreta por nao atender ao criterio central do enunciado. B: incorreta por nao atender ao criterio central do enunciado. D: incorreta por nao atender ao criterio central do enunciado. E: incorreta por nao atender ao criterio central do enunciado. Referências confiáveis: NIST CSF 2.0; OWASP; CIS Controls v8.",Cibersegurança - geral,concurso::bndes2024 ciber::tecnico q::68 explained::enhanced
BNDES-2024-P2-Q069,"BNDES 2024 Prova 2 Q69: A norma ABNT NBR ISO/IEC 27002:2022 organiza os controles de segurança em diferentes categorias (ou temas), e cada controle está associado a cinco atributos com valores de atributo correspondentes. Dentre esses atributos, o de domínios de segurança é usado para visualizar controles na perspectiva de quatro domínios de segurança da informação. Os valores desse atributo consistem em: (A) Confidencialidade, Integridade, Disponibilidade e Resiliência (B) Governança, Defesa, Continuidade e Segurança_física (C) Governança, Confidencialidade, Integridade e Disponibilidade (D) Governança_e_Ecossistema, Proteção, Defesa e Resiliência (E) Governança_e_Ecossistema, Proteção, Defesa e Segurança_física","Resposta correta: D. Explicação direta: A alternativa D está correta porque é a única que se alinha ao enunciado e ao conceito central de IAM e Controle de Acesso. Em termos práticos, o ponto decisivo é: Governança_e_Ecossistema, Proteção, Defesa e Resiliência Explicação aprofundada: Raciocínio aprofundado: esta questão exige domínio de identidade, autenticação, autorização, princípio do menor privilégio e protocolos de acesso. A opção D é a melhor resposta por manter coerência técnica e semântica com o problema apresentado. As demais alternativas funcionam como distratores típicos de prova (generalização indevida, troca de conceito ou inversão de causa e efeito). Para consolidar o aprendizado, revise o tema com foco em definição formal, cenário de aplicação e limites do conceito cobrado. Análise das incorretas: A: incorreta por nao atender ao criterio central do enunciado. B: incorreta por nao atender ao criterio central do enunciado. C: incorreta por nao atender ao criterio central do enunciado. E: incorreta por nao atender ao criterio central do enunciado. Referências confiáveis: NIST SP 800-63; CIS Controls v8; OWASP ASVS (Authentication).",IAM e Controle de Acesso,concurso::bndes2024 ciber::tecnico q::69 explained::enhanced
BNDES-2024-P2-Q070,"BNDES 2024 Prova 2 Q70: Um Sistema de Gestão da Segurança da Informação (SGSI) deve ser integrado aos processos da organização e à estru- tura de administração global para que a segurança da informação seja considerada no projeto dos processos, sistemas de informação e controles. A organização deve melhorar continuamente a pertinência, a adequação e a eficácia do SGSI. A norma ABNT NBR ISO/IEC 27001:2022 define vários itens que fazem parte da melhoria do SGSI. Dentre esses itens, encontra-se a(o) (A) auditoria interna (B) análise crítica pela direção (C) não conformidade e ação corretiva (D) monitoramento, a medição, a análise e a avaliação (E) tratamento de riscos de segurança da informação","Resposta correta: C. Explicação direta: A alternativa C está correta porque é a única que se alinha ao enunciado e ao conceito central de IAM e Controle de Acesso. Em termos práticos, o ponto decisivo é: não conformidade e ação corretiva Explicação aprofundada: Raciocínio aprofundado: esta questão exige domínio de identidade, autenticação, autorização, princípio do menor privilégio e protocolos de acesso. A opção C é a melhor resposta por manter coerência técnica e semântica com o problema apresentado. As demais alternativas funcionam como distratores típicos de prova (generalização indevida, troca de conceito ou inversão de causa e efeito). Para consolidar o aprendizado, revise o tema com foco em definição formal, cenário de aplicação e limites do conceito cobrado. Análise das incorretas: A: incorreta por nao atender ao criterio central do enunciado. B: incorreta por nao atender ao criterio central do enunciado. D: incorreta por nao atender ao criterio central do enunciado. E: incorreta por nao atender ao criterio central do enunciado. Referências confiáveis: NIST SP 800-63; CIS Controls v8; OWASP ASVS (Authentication).",IAM e Controle de Acesso,concurso::bndes2024 ciber::tecnico q::70 explained::enhanced
